{"cameraMode":{"drawMode":0,"name":"Shaded","section":"Shading Mode"},"sceneLighting":true,"audioPlay":false,"sceneViewState":{"showFog":true,"showMaterialUpdate":false,"showSkybox":true,"showFlares":true,"showImageEffects":true,"showParticleSystems":true,"showVisualEffectGraphs":true,"m_FxEnabled":true},"in2DMode":false,"pivot":{"x":451.2744445800781,"y":30.44647216796875,"z":-363.8951721191406},"rotation":{"x":0.49074602127075198,"y":-0.013066248036921025,"z":0.007361959666013718,"w":0.8711883425712586},"size":47.87828063964844,"orthographic":false}